"Epic","Feature","Story","FAILED","BROKEN","PASSED","SKIPPED","UNKNOWN"
"Storefront API","Cart & Checkout","Create Cart","1","0","1","0","0"
"Storefront","Security & Known Bugs","MED_SF_TC_044","0","1","0","0","0"
"Storefront","Cart","MED_PROMO_TC_021","0","1","0","0","0"
"Medusa Admin Authentication","Reset Password Page","SC-AUTH-07 — Reset Password Submit","0","1","0","0","0"
"Storefront","Cart","MED_SF_TC_017","0","1","0","0","0"
"Medusa Admin","Orders Management","SC-ORD-03 — Security","0","0","1","0","0"
"Admin API","Customers","List Customers","6","0","2","0","0"
"Storefront","Checkout Flow","MED_SF_TC_026","0","1","0","0","0"
"Storefront API","Orders","Get Order Detail","2","0","1","0","0"
"Medusa Admin","Orders Management","SC-ORD-05 — Draft Order Happy Path","0","1","0","0","0"
"Storefront API","Orders","List Orders","6","0","0","0","0"
"Storefront","Search","MED_SF_TC_040","0","1","0","0","0"
"Medusa Admin Authentication","Session Management & Logout","SC-AUTH-09 — Session Management","0","1","0","0","0"
"Storefront API","Cart & Checkout","Get Cart","2","0","0","1","0"
"Admin API","Products","List Products","5","0","2","0","0"
"Storefront","Account — Login & Register","MED_SF_TC_038","0","1","0","0","0"
"Medusa Admin Authentication","Session Management & Logout","SC-AUTH-09 — Route Protection","0","0","2","0","0"
"Admin API","Orders","List Orders","5","0","2","0","0"
"Storefront","Security & Known Bugs","MED_SF_TC_046","0","1","0","0","0"
"Admin API","Orders","Get Order Detail","2","0","1","0","0"
"Storefront","Product Detail & Mini Cart","MED_SF_TC_012","0","1","0","0","0"
"Medusa Admin Authentication","Reset Password Page","SC-AUTH-07 — Reset Password Navigation","0","0","2","0","0"
"Medusa Admin Authentication","Session Management & Logout","SC-AUTH-10 — Logout","0","2","0","0","0"
"Storefront","Account — Login & Register","MED_SF_TC_035","0","1","0","0","0"
"Storefront","Checkout Flow","MED_SF_TC_032","0","1","0","0","0"
"Storefront","Product Detail & Mini Cart","MED_SF_TC_007","0","1","0","0","0"
"Storefront","Homepage & Navigation","MED_SF_TC_002","0","2","0","0","0"
"Medusa Admin Authentication","Login Page","SC-AUTH-02 — Happy path Login","0","1","0","0","0"
"Storefront","Store — Product Listing","MED_SF_TC_005","0","2","0","0","0"
"Admin API","Customers","Get Customer Detail","2","0","1","0","0"
"Medusa Admin Authentication","Login Page","SC-AUTH-04 — Security","0","0","2","0","0"
"Storefront","Homepage & Navigation","MED_SF_TC_001","0","3","0","0","0"
"Storefront","Search","MED_SF_TC_039","0","1","0","0","0"
"Medusa Admin Authentication","Login Page","SC-AUTH-03 — Validation","0","6","2","0","0"
"Storefront","Product Detail & Mini Cart","MED_SF_TC_008","0","1","0","0","0"
"Storefront API","Authentication","Reset Password","0","0","2","0","0"
"Storefront API","Cart & Checkout","Shipping","0","0","0","2","0"
"Medusa Admin Authentication","Login Page","SC-AUTH-04 — Email Field Edge Cases","0","1","0","0","0"
"Storefront","Product Detail & Mini Cart","MED_SF_TC_011","0","1","0","0","0"
"Medusa Admin","Products Management","SC-PROD-03 — Create Product Form Structure","0","1","0","0","0"
"Medusa Admin","Orders Management","SC-ORD-04 — Draft Order Validation","0","3","0","0","0"
"Admin API","Products","Get Product Detail","2","0","0","0","0"
"Storefront","Product Detail & Mini Cart","MED_SF_TC_014","0","1","0","0","0"
"Storefront","Checkout Flow","MED_SF_TC_022","0","1","0","0","0"
"Storefront","Cart","MED_SF_TC_019","0","1","0","0","0"
"Storefront API","Cart & Checkout","Line Items","0","0","0","3","0"
"Storefront","Account — Login & Register","MED_SF_TC_036","0","1","0","0","0"
"Storefront API","Authentication","Login","0","0","4","0","0"
"Admin API","Authentication","Admin Login","0","5","1","0","0"
"Medusa Admin Authentication","Session Management & Logout","SC-AUTH-02 — Session Redirect","0","1","0","0","0"
"Medusa Admin Authentication","Login Page","SC-AUTH-05 — Password Field","0","1","0","0","0"
"Storefront","Cart","MED_SF_TC_018","0","1","0","0","0"
"Storefront","Product Detail & Mini Cart","MED_SF_TC_016","0","1","0","0","0"
"Storefront API","Authentication","Register","0","0","5","0","0"
"Storefront","Account — Login & Register","MED_SF_TC_034","0","2","0","0","0"
"Storefront","Product Detail & Mini Cart","MED_SF_TC_010","0","1","0","0","0"
"Storefront","Search","MED_SF_TC_043","0","1","0","0","0"
"Storefront","Account — Login & Register","MED_SF_TC_037","0","1","0","0","0"
"Storefront","Product Detail & Mini Cart","MED_SF_TC_009","0","1","0","0","0"
"Storefront","Cart","MED_PROMO_TC_020","0","1","0","0","0"
"Storefront","Security & Known Bugs","MED_SF_TC_049","0","1","0","0","0"
"Medusa Admin","Products Management","SC-PROD-01 — Products List","0","1","0","0","0"
"Medusa Admin Authentication","Login Page","SC-AUTH-01 — Cấu trúc trang Login","0","0","1","0","0"
"Storefront","Checkout Flow","MED_SF_TC_023","0","1","0","0","0"
"Medusa Admin Authentication","Session Management & Logout","SC-AUTH-16 — Edge Cases","0","1","0","0","0"
"Medusa Admin Authentication","Login Page","SC-AUTH-13 — Accessibility","0","1","1","0","0"
"Medusa Admin","Products Management","SC-PROD-02 — Create Product Happy Path","0","1","0","0","0"
"Storefront","Search","MED_SF_TC_042","0","1","0","0","0"
"Storefront","Checkout Flow","MED_SF_TC_025","0","1","0","0","0"
"Medusa Admin","Orders Management","SC-ORD-06 — Draft Order Cancel","0","1","0","0","0"
"Medusa Admin Authentication","Reset Password Page","SC-AUTH-07 — Reset Password Security","0","0","1","0","0"
"Storefront","Search","MED_SF_TC_041","0","1","0","0","0"
"Storefront","Homepage & Navigation","MED_SF_TC_048","0","1","0","0","0"
"Storefront","Store — Product Listing","MED_SF_TC_003","0","1","0","0","0"
"Storefront","Store — Product Listing","MED_SF_TC_004","0","1","0","0","0"
"Medusa Admin","Orders Management","SC-ORD-02 — Pagination","0","1","0","0","0"
"Medusa Admin","Orders Management","SC-ORD-01 — Orders List","0","1","0","0","0"
"Medusa Admin","Products Management","SC-PROD-04 — Unauthenticated Access","0","0","1","0","0"
"Storefront","Checkout Flow","MED_SF_TC_024","0","1","0","0","0"
"Storefront","Checkout Flow","MED_SF_TC_028","0","1","0","0","0"
"Storefront","Store — Product Listing","MED_SF_TC_006","0","1","0","0","0"
