"Status","Start Time","Stop Time","Duration in ms","Parent Suite","Suite","Sub Suite","Test Class","Test Method","Name","Description"
"passed","Thu Aug 20 15:11:39 UTC 2026","Thu Aug 20 15:11:39 UTC 2026","267","Medusa API Test Suite","Storefront API — Authentication","com.medusa.automation.tests.api.storefront.StorefrontAuthApiTest","com.medusa.automation.tests.api.storefront.StorefrontAuthApiTest","TC_API_AUTH_001_registerToken_validData_returns200WithToken","TC_API_AUTH_001_registerToken_validData_returns200WithToken","TC_API_AUTH_001 — Lấy registration token thành công với email và password hợp lệ"
"broken","Thu Aug 20 15:14:08 UTC 2026","Thu Aug 20 15:14:08 UTC 2026","1","StoreFront Test Suite","SF Regression Tests","com.medusa.automation.tests.StoreFrontCheckoutTest","com.medusa.automation.tests.StoreFrontCheckoutTest","testCheckoutStep1EmptyFieldsValidation","testCheckoutStep1EmptyFieldsValidation","Submit Bước 1 với fields rỗng → HTML5 validation ngăn chặn submit"
"failed","Thu Aug 20 15:11:43 UTC 2026","Thu Aug 20 15:11:43 UTC 2026","0","Medusa API Test Suite","Admin API — Products","com.medusa.automation.tests.api.admin.AdminProductApiTest","com.medusa.automation.tests.api.admin.AdminProductApiTest","TC_API_ADMIN_PROD_009_listProducts_responseTime_withinSLA","TC_API_ADMIN_PROD_009_listProducts_responseTime_withinSLA","TC_API_ADMIN_PROD_009 — Response time của admin product list < 5000ms (SLA)"
"broken","Thu Aug 20 15:13:55 UTC 2026","Thu Aug 20 15:13:55 UTC 2026","0","StoreFront Test Suite","SF Regression Tests","com.medusa.automation.tests.StoreFrontHomeTest","com.medusa.automation.tests.StoreFrontHomeTest","testHomepageHeaderIsDisplayed","testHomepageHeaderIsDisplayed","Cấu trúc trang chủ /gb hiển thị đầy đủ Header, Hero section và Footer"
"passed","Thu Aug 20 15:11:39 UTC 2026","Thu Aug 20 15:11:39 UTC 2026","227","Medusa API Test Suite","Storefront API — Authentication","com.medusa.automation.tests.api.storefront.StorefrontAuthApiTest","com.medusa.automation.tests.api.storefront.StorefrontAuthApiTest","TC_API_AUTH_002_registerToken_duplicateEmail_verifyBehavior","TC_API_AUTH_002_registerToken_duplicateEmail_verifyBehavior","TC_API_AUTH_002 — Register với email đã tồn tại → Medusa re-issues token (200) — đây là actual behavior"
"failed","Thu Aug 20 15:11:43 UTC 2026","Thu Aug 20 15:11:43 UTC 2026","1","Medusa API Test Suite","Admin API — Customers","com.medusa.automation.tests.api.admin.AdminCustomerApiTest","com.medusa.automation.tests.api.admin.AdminCustomerApiTest","TC_API_ADMIN_CUS_001_listCustomers_adminAuth_returns200WithArray","TC_API_ADMIN_CUS_001_listCustomers_adminAuth_returns200WithArray","TC_API_ADMIN_CUS_001 — Admin list tất cả customers → 200 + customers array + pagination metadata"
"broken","Thu Aug 20 15:14:01 UTC 2026","Thu Aug 20 15:14:01 UTC 2026","4","StoreFront Test Suite","SF Regression Tests","com.medusa.automation.tests.StoreFrontProductTest","com.medusa.automation.tests.StoreFrontProductTest","testBreadcrumbNavigationToStore","testBreadcrumbNavigationToStore","Breadcrumb hiển thị và link Store dẫn về trang Store"
"broken","Thu Aug 20 15:12:04 UTC 2026","Thu Aug 20 15:12:06 UTC 2026","1385","Medusa Admin Auth Suite","Regression Tests","com.medusa.automation.tests.LoginTest","com.medusa.automation.tests.LoginTest","tc003_loginSuccessWithValidCredentials","tc003_loginSuccessWithValidCredentials","MED_AUTH_TC_003: Đăng nhập với credentials hợp lệ → redirect đến /app/orders, sidebar hiển thị"
"passed","Thu Aug 20 15:11:42 UTC 2026","Thu Aug 20 15:11:43 UTC 2026","116","Medusa API Test Suite","Admin API — Orders","com.medusa.automation.tests.api.admin.AdminOrderApiTest","com.medusa.automation.tests.api.admin.AdminOrderApiTest","TC_API_ADMIN_ORDER_003_listOrders_invalidToken_returns401","TC_API_ADMIN_ORDER_003_listOrders_invalidToken_returns401","TC_API_ADMIN_ORDER_003 — List orders với token invalid → 401 Unauthorized"
"broken","Thu Aug 20 15:13:22 UTC 2026","Thu Aug 20 15:13:23 UTC 2026","882","Medusa Admin Auth Suite","Regression Tests","com.medusa.automation.tests.AdminOrderTest","com.medusa.automation.tests.AdminOrderTest","testPrevButtonDisabledOnFirstPage","testPrevButtonDisabledOnFirstPage","MED_ORD_TC_062: Ở trang 1 danh sách Orders → nút Prev phải bị disabled"
"broken","Thu Aug 20 15:12:28 UTC 2026","Thu Aug 20 15:12:30 UTC 2026","1418","Medusa Admin Auth Suite","Regression Tests","com.medusa.automation.tests.LoginTest","com.medusa.automation.tests.LoginTest","tc006_submitEmailOnlyEmptyPassword","tc006_submitEmailOnlyEmptyPassword","MED_AUTH_TC_006: Submit với Email nhưng Password trống → hệ thống ngăn submit"
"passed","Thu Aug 20 15:11:40 UTC 2026","Thu Aug 20 15:11:40 UTC 2026","266","Medusa API Test Suite","Storefront API — Authentication","com.medusa.automation.tests.api.storefront.StorefrontAuthApiTest","com.medusa.automation.tests.api.storefront.StorefrontAuthApiTest","TC_API_AUTH_005_registerToken_missingPassword_returnsError","TC_API_AUTH_005_registerToken_missingPassword_returnsError","TC_API_AUTH_005 — Register thiếu password → server từ chối (400/401/422)"
"broken","Thu Aug 20 15:11:42 UTC 2026","Thu Aug 20 15:11:42 UTC 2026","0","Medusa API Test Suite","Admin API — Authentication","com.medusa.automation.tests.api.admin.AdminAuthApiTest","com.medusa.automation.tests.api.admin.AdminAuthApiTest","TC_API_ADMIN_AUTH_005_login_missingPassword_returns400","TC_API_ADMIN_AUTH_005_login_missingPassword_returns400","TC_API_ADMIN_AUTH_005 — Admin login thiếu password field → 400/422"
"passed","Thu Aug 20 15:12:02 UTC 2026","Thu Aug 20 15:12:04 UTC 2026","1553","Medusa Admin Auth Suite","Regression Tests","com.medusa.automation.tests.LoginTest","com.medusa.automation.tests.LoginTest","tc001_loginPageStructureDisplayed","tc001_loginPageStructureDisplayed","MED_AUTH_TC_001: Verify trang Login hiển thị đầy đủ: Email, Password, Submit button, Reset link"
"broken","Thu Aug 20 15:13:16 UTC 2026","Thu Aug 20 15:13:17 UTC 2026","873","Medusa Admin Auth Suite","Regression Tests","com.medusa.automation.tests.AdminOrderTest","com.medusa.automation.tests.AdminOrderTest","testDraftOrderValidationInvalidEmail","testDraftOrderValidationInvalidEmail","MED_ORD_TC_047: Nhập email sai format (thiếu @) → validation error email"
"broken","Thu Aug 20 15:11:42 UTC 2026","Thu Aug 20 15:11:42 UTC 2026","1","Medusa API Test Suite","Admin API — Authentication","com.medusa.automation.tests.api.admin.AdminAuthApiTest","com.medusa.automation.tests.api.admin.AdminAuthApiTest","TC_API_ADMIN_AUTH_004_login_missingEmail_returns400","TC_API_ADMIN_AUTH_004_login_missingEmail_returns400","TC_API_ADMIN_AUTH_004 — Admin login thiếu email field → 400/422"
"failed","Thu Aug 20 15:11:42 UTC 2026","Thu Aug 20 15:11:42 UTC 2026","102","Medusa API Test Suite","Storefront API — Orders","com.medusa.automation.tests.api.storefront.StorefrontOrderApiTest","com.medusa.automation.tests.api.storefront.StorefrontOrderApiTest","TC_API_ORDER_003_getOrders_invalidToken_returns401","TC_API_ORDER_003_getOrders_invalidToken_returns401","TC_API_ORDER_003 — Lấy orders với Bearer token không hợp lệ → 401"
"failed","Thu Aug 20 15:11:43 UTC 2026","Thu Aug 20 15:11:43 UTC 2026","0","Medusa API Test Suite","Admin API — Orders","com.medusa.automation.tests.api.admin.AdminOrderApiTest","com.medusa.automation.tests.api.admin.AdminOrderApiTest","TC_API_ADMIN_ORDER_005_getOrderById_validId_returns200WithOrder","TC_API_ADMIN_ORDER_005_getOrderById_validId_returns200WithOrder","TC_API_ADMIN_ORDER_005 — Admin lấy chi tiết order theo ID → 200 + order object đầy đủ"
"passed","Thu Aug 20 15:12:35 UTC 2026","Thu Aug 20 15:12:37 UTC 2026","1874","Medusa Admin Auth Suite","Regression Tests","com.medusa.automation.tests.LoginTest","com.medusa.automation.tests.LoginTest","tc013_xssInjectionInEmailField","tc013_xssInjectionInEmailField","MED_AUTH_TC_013: XSS injection trong Email → KHÔNG có popup alert, script bị sanitize"
"passed","Thu Aug 20 15:12:56 UTC 2026","Thu Aug 20 15:12:58 UTC 2026","2463","Medusa Admin Auth Suite","Regression Tests","com.medusa.automation.tests.SessionManagementTest","com.medusa.automation.tests.SessionManagementTest","tc031_routeGuardRedirectsOrdersToLogin","tc031_routeGuardRedirectsOrdersToLogin","MED_AUTH_TC_031: Truy cập /app/orders không có session → phải redirect về /app/login"
"passed","Thu Aug 20 15:13:10 UTC 2026","Thu Aug 20 15:13:13 UTC 2026","2900","Medusa Admin Auth Suite","Regression Tests","com.medusa.automation.tests.AdminProductTest","com.medusa.automation.tests.AdminProductTest","testUnauthenticatedRedirectToLogin","testUnauthenticatedRedirectToLogin","Truy cập /app/products không có session → bị redirect về /app/login"
"broken","Thu Aug 20 15:14:07 UTC 2026","Thu Aug 20 15:14:07 UTC 2026","0","StoreFront Test Suite","SF Regression Tests","com.medusa.automation.tests.StoreFrontCheckoutTest","com.medusa.automation.tests.StoreFrontCheckoutTest","testCartToCheckoutStep1Navigation","testCartToCheckoutStep1Navigation","Click 'Go to Checkout' từ Cart → Checkout page hiển thị Bước 1 (Shipping Address)"
"failed","Thu Aug 20 15:11:42 UTC 2026","Thu Aug 20 15:11:42 UTC 2026","104","Medusa API Test Suite","Storefront API — Orders","com.medusa.automation.tests.api.storefront.StorefrontOrderApiTest","com.medusa.automation.tests.api.storefront.StorefrontOrderApiTest","TC_API_ORDER_002_getOrders_noAuth_returns401","TC_API_ORDER_002_getOrders_noAuth_returns401","TC_API_ORDER_002 — Lấy orders không có Authorization header → 401"
"broken","Thu Aug 20 15:12:40 UTC 2026","Thu Aug 20 15:12:42 UTC 2026","1439","Medusa Admin Auth Suite","Regression Tests","com.medusa.automation.tests.LoginTest","com.medusa.automation.tests.LoginTest","tc015_validRfc5321Email","tc015_validRfc5321Email","MED_AUTH_TC_015: Email hợp lệ RFC 5321 'test.user+tag_01@sub.domain.com' → server xử lý bình thường, trả 'Invalid email or password'"
"failed","Thu Aug 20 15:11:43 UTC 2026","Thu Aug 20 15:11:43 UTC 2026","0","Medusa API Test Suite","Admin API — Orders","com.medusa.automation.tests.api.admin.AdminOrderApiTest","com.medusa.automation.tests.api.admin.AdminOrderApiTest","TC_API_ADMIN_ORDER_008_listOrders_responseStructure_isValid","TC_API_ADMIN_ORDER_008_listOrders_responseStructure_isValid","TC_API_ADMIN_ORDER_008 — Validate response structure: count >= 0, limit > 0, offset >= 0"
"failed","Thu Aug 20 15:11:43 UTC 2026","Thu Aug 20 15:11:43 UTC 2026","0","Medusa API Test Suite","Admin API — Products","com.medusa.automation.tests.api.admin.AdminProductApiTest","com.medusa.automation.tests.api.admin.AdminProductApiTest","TC_API_ADMIN_PROD_006_getProductById_validId_returns200WithProduct","TC_API_ADMIN_PROD_006_getProductById_validId_returns200WithProduct","TC_API_ADMIN_PROD_006 — Admin lấy chi tiết product theo ID → 200 + product object"
"passed","Thu Aug 20 15:11:40 UTC 2026","Thu Aug 20 15:11:40 UTC 2026","233","Medusa API Test Suite","Storefront API — Authentication","com.medusa.automation.tests.api.storefront.StorefrontAuthApiTest","com.medusa.automation.tests.api.storefront.StorefrontAuthApiTest","TC_API_AUTH_006_login_validCredentials_returns200WithToken","TC_API_AUTH_006_login_validCredentials_returns200WithToken","TC_API_AUTH_006 — Login thành công với credentials hợp lệ → 200 + JWT token"
"broken","Thu Aug 20 15:13:37 UTC 2026","Thu Aug 20 15:13:38 UTC 2026","899","Medusa Admin Auth Suite","Known Bug Tests (Expected FAIL — App Bugs)","com.medusa.automation.tests.SessionManagementTest","com.medusa.automation.tests.SessionManagementTest","tc037_logoutSuccessfully_knownBug","tc037_logoutSuccessfully_knownBug","MED_AUTH_TC_037 [KNOWN BUG]: Click 'Log out' → Expected: session hủy + redirect /app/login. App Bug: không redirect ngay, phải F5 mới redirect"
"failed","Thu Aug 20 15:11:42 UTC 2026","Thu Aug 20 15:11:42 UTC 2026","0","Medusa API Test Suite","Storefront API — Orders","com.medusa.automation.tests.api.storefront.StorefrontOrderApiTest","com.medusa.automation.tests.api.storefront.StorefrontOrderApiTest","TC_API_ORDER_005_getOrderById_authenticated_returns200","TC_API_ORDER_005_getOrderById_authenticated_returns200","TC_API_ORDER_005 — Lấy chi tiết order by ID (có Bearer token) → 200 + order object"
"failed","Thu Aug 20 15:11:43 UTC 2026","Thu Aug 20 15:11:43 UTC 2026","0","Medusa API Test Suite","Admin API — Customers","com.medusa.automation.tests.api.admin.AdminCustomerApiTest","com.medusa.automation.tests.api.admin.AdminCustomerApiTest","TC_API_ADMIN_CUS_011_listCustomers_emailField_isValidFormat","TC_API_ADMIN_CUS_011_listCustomers_emailField_isValidFormat","TC_API_ADMIN_CUS_011 — Mỗi customer trong list phải có email field hợp lệ (không null, chứa @)"
"failed","Thu Aug 20 15:11:42 UTC 2026","Thu Aug 20 15:11:42 UTC 2026","1","Medusa API Test Suite","Storefront API — Cart & Checkout","com.medusa.automation.tests.api.storefront.StorefrontCartApiTest","com.medusa.automation.tests.api.storefront.StorefrontCartApiTest","TC_API_CART_005_getCart_noPublishableKey_returns401","TC_API_CART_005_getCart_noPublishableKey_returns401","TC_API_CART_005 — Lấy cart không có x-publishable-api-key header → 401 Unauthorized"
"broken","Thu Aug 20 15:14:14 UTC 2026","Thu Aug 20 15:14:14 UTC 2026","0","StoreFront Test Suite","SF Regression Tests","com.medusa.automation.tests.StoreFrontAccountTest","com.medusa.automation.tests.StoreFrontAccountTest","testRegisterFormEmptySubmitShowsHtml5Validation","testRegisterFormEmptySubmitShowsHtml5Validation","Submit form Đăng ký rỗng — HTML5 browser validation chặn tại trường First name"
"passed","Thu Aug 20 15:11:41 UTC 2026","Thu Aug 20 15:11:41 UTC 2026","129","Medusa API Test Suite","Storefront API — Authentication","com.medusa.automation.tests.api.storefront.StorefrontAuthApiTest","com.medusa.automation.tests.api.storefront.StorefrontAuthApiTest","TC_API_AUTH_010_resetPassword_validIdentifier_returns201","TC_API_AUTH_010_resetPassword_validIdentifier_returns201","TC_API_AUTH_010 — Gửi reset password request thành công → 201"
"broken","Thu Aug 20 15:14:11 UTC 2026","Thu Aug 20 15:14:11 UTC 2026","0","StoreFront Test Suite","SF Regression Tests","com.medusa.automation.tests.StoreFrontCheckoutTest","com.medusa.automation.tests.StoreFrontCheckoutTest","testCompleteCheckoutHappyPath","testCompleteCheckoutHappyPath","Happy path: Điền đầy đủ Checkout 4 bước → Đặt hàng thành công"
"broken","Thu Aug 20 15:13:03 UTC 2026","Thu Aug 20 15:13:04 UTC 2026","865","Medusa Admin Auth Suite","Regression Tests","com.medusa.automation.tests.SessionManagementTest","com.medusa.automation.tests.SessionManagementTest","tc038_afterLogoutBrowserBackNotAllowed","tc038_afterLogoutBrowserBackNotAllowed","MED_AUTH_TC_038: Sau logout, nhấn Back → session đã hủy → redirect về /app/login, không vào dashboard"
"failed","Thu Aug 20 15:11:42 UTC 2026","Thu Aug 20 15:11:42 UTC 2026","0","Medusa API Test Suite","Admin API — Orders","com.medusa.automation.tests.api.admin.AdminOrderApiTest","com.medusa.automation.tests.api.admin.AdminOrderApiTest","TC_API_ADMIN_ORDER_001_listOrders_adminAuth_returns200WithArray","TC_API_ADMIN_ORDER_001_listOrders_adminAuth_returns200WithArray","TC_API_ADMIN_ORDER_001 — Admin list tất cả orders → 200 + orders array"
"passed","Thu Aug 20 15:11:41 UTC 2026","Thu Aug 20 15:11:41 UTC 2026","139","Medusa API Test Suite","Storefront API — Authentication","com.medusa.automation.tests.api.storefront.StorefrontAuthApiTest","com.medusa.automation.tests.api.storefront.StorefrontAuthApiTest","TC_API_AUTH_011_resetPassword_missingIdentifier_verifyBehavior","TC_API_AUTH_011_resetPassword_missingIdentifier_verifyBehavior","TC_API_AUTH_011 — Reset password thiếu identifier → Medusa trả 201 (fire event nhưng không gửi email) — KNOWN BEHAVIOR"
"broken","Thu Aug 20 15:13:32 UTC 2026","Thu Aug 20 15:13:33 UTC 2026","1413","Medusa Admin Auth Suite","Known Bug Tests (Expected FAIL — App Bugs)","com.medusa.automation.tests.LoginTest","com.medusa.automation.tests.LoginTest","tc012_loginWithUpperCaseEmail_knownBug","tc012_loginWithUpperCaseEmail_knownBug","MED_AUTH_TC_012 [KNOWN BUG]: Email ADMIN@YOURMAIL.COM (chữ hoa) → Expected: login thành công (case-insensitive). App Bug: không thông báo lỗi gì, trang không chuyển"
"passed","Thu Aug 20 15:11:43 UTC 2026","Thu Aug 20 15:11:43 UTC 2026","96","Medusa API Test Suite","Admin API — Customers","com.medusa.automation.tests.api.admin.AdminCustomerApiTest","com.medusa.automation.tests.api.admin.AdminCustomerApiTest","TC_API_ADMIN_CUS_003_listCustomers_invalidToken_returns401","TC_API_ADMIN_CUS_003_listCustomers_invalidToken_returns401","TC_API_ADMIN_CUS_003 — List customers với Bearer token không hợp lệ → 401 Unauthorized"
"failed","Thu Aug 20 15:11:43 UTC 2026","Thu Aug 20 15:11:43 UTC 2026","0","Medusa API Test Suite","Admin API — Customers","com.medusa.automation.tests.api.admin.AdminCustomerApiTest","com.medusa.automation.tests.api.admin.AdminCustomerApiTest","TC_API_ADMIN_CUS_004_listCustomers_paginationLimit5_returnsMaxItems","TC_API_ADMIN_CUS_004_listCustomers_paginationLimit5_returnsMaxItems","TC_API_ADMIN_CUS_004 — List customers với limit=5 → 200 + số items ≤ 5 + limit field = 5"
"broken","Thu Aug 20 15:13:26 UTC 2026","Thu Aug 20 15:13:27 UTC 2026","1426","Medusa Admin Auth Suite","Known Bug Tests (Expected FAIL — App Bugs)","com.medusa.automation.tests.LoginTest","com.medusa.automation.tests.LoginTest","tc007_submitPasswordOnlyEmptyEmail_knownBug","tc007_submitPasswordOnlyEmptyEmail_knownBug","MED_AUTH_TC_007 [KNOWN BUG]: Submit với Password nhưng Email trống → Expected: validation 'Email required'. App Bug: không hiển thị validation nhưng trang vẫn không chuyển"
"passed","Thu Aug 20 15:11:43 UTC 2026","Thu Aug 20 15:11:43 UTC 2026","121","Medusa API Test Suite","Admin API — Orders","com.medusa.automation.tests.api.admin.AdminOrderApiTest","com.medusa.automation.tests.api.admin.AdminOrderApiTest","TC_API_ADMIN_ORDER_006_getOrderById_noAuth_returns401","TC_API_ADMIN_ORDER_006_getOrderById_noAuth_returns401","TC_API_ADMIN_ORDER_006 — Admin get order by ID không có auth → 401"
"broken","Thu Aug 20 15:14:06 UTC 2026","Thu Aug 20 15:14:06 UTC 2026","0","StoreFront Test Suite","SF Regression Tests","com.medusa.automation.tests.StoreFrontCartTest","com.medusa.automation.tests.StoreFrontCartTest","testCartPageStructureWithItems","testCartPageStructureWithItems","Cấu trúc 2 cột trang /gb/cart khi có sản phẩm — item list + order summary"
"broken","Thu Aug 20 15:13:19 UTC 2026","Thu Aug 20 15:13:20 UTC 2026","866","Medusa Admin Auth Suite","Regression Tests","com.medusa.automation.tests.AdminOrderTest","com.medusa.automation.tests.AdminOrderTest","testDraftOrderValidationMissingSalesChannel","testDraftOrderValidationMissingSalesChannel","MED_ORD_TC_046: Tạo Draft Order bỏ qua Sales Channel → validation error"
"broken","Thu Aug 20 15:13:28 UTC 2026","Thu Aug 20 15:13:29 UTC 2026","1485","Medusa Admin Auth Suite","Known Bug Tests (Expected FAIL — App Bugs)","com.medusa.automation.tests.LoginTest","com.medusa.automation.tests.LoginTest","tc010_loginWithInvalidEmailMissingAt_knownBug","tc010_loginWithInvalidEmailMissingAt_knownBug","MED_AUTH_TC_010 [KNOWN BUG]: Email thiếu @ → Expected: HTML5 validation 'Please include an @'. App Bug: không hiển thị validation"
"passed","Thu Aug 20 15:11:42 UTC 2026","Thu Aug 20 15:11:42 UTC 2026","0","Medusa API Test Suite","Storefront API — Orders","com.medusa.automation.tests.api.storefront.StorefrontOrderApiTest","com.medusa.automation.tests.api.storefront.StorefrontOrderApiTest","TC_API_ORDER_006_getOrderById_publishableKeyOnly_returns200","TC_API_ORDER_006_getOrderById_publishableKeyOnly_returns200","TC_API_ORDER_006 — Lấy order bằng publishable key (không cần Bearer) → 200 (public endpoint by design)"
"failed","Thu Aug 20 15:11:43 UTC 2026","Thu Aug 20 15:11:43 UTC 2026","0","Medusa API Test Suite","Admin API — Products","com.medusa.automation.tests.api.admin.AdminProductApiTest","com.medusa.automation.tests.api.admin.AdminProductApiTest","TC_API_ADMIN_PROD_005_listProducts_filterByTitle_returnsMatchingProducts","TC_API_ADMIN_PROD_005_listProducts_filterByTitle_returnsMatchingProducts","TC_API_ADMIN_PROD_005 — Filter products theo title → 200 + kết quả chứa title được filter"
"skipped","Thu Aug 20 15:11:42 UTC 2026","Thu Aug 20 15:11:42 UTC 2026","0","Medusa API Test Suite","Storefront API — Cart & Checkout","com.medusa.automation.tests.api.storefront.StorefrontCartApiTest","com.medusa.automation.tests.api.storefront.StorefrontCartApiTest","TC_API_CART_006_addLineItem_validData_returns200","TC_API_CART_006_addLineItem_validData_returns200","TC_API_CART_006 — Thêm sản phẩm vào cart với variant_id và quantity hợp lệ → 200 + items updated"
"skipped","Thu Aug 20 15:11:42 UTC 2026","Thu Aug 20 15:11:42 UTC 2026","0","Medusa API Test Suite","Storefront API — Cart & Checkout","com.medusa.automation.tests.api.storefront.StorefrontCartApiTest","com.medusa.automation.tests.api.storefront.StorefrontCartApiTest","TC_API_CART_003_getCart_validId_returns200WithCartObject","TC_API_CART_003_getCart_validId_returns200WithCartObject","TC_API_CART_003 — Lấy thông tin cart theo ID vừa tạo → 200 + cart object đầy đủ"
"broken","Thu Aug 20 15:13:56 UTC 2026","Thu Aug 20 15:13:56 UTC 2026","4","StoreFront Test Suite","SF Regression Tests","com.medusa.automation.tests.StoreFrontHomeTest","com.medusa.automation.tests.StoreFrontHomeTest","testMenuOverlayOpensWithNavigationLinks","testMenuOverlayOpensWithNavigationLinks","Click Menu button → Overlay mở ra và hiển thị các links điều hướng"
"broken","Thu Aug 20 15:13:20 UTC 2026","Thu Aug 20 15:13:21 UTC 2026","862","Medusa Admin Auth Suite","Regression Tests","com.medusa.automation.tests.AdminOrderTest","com.medusa.automation.tests.AdminOrderTest","testOrdersListPageDisplayed","testOrdersListPageDisplayed","MED_ORD_TC_001: Admin navigate /app/orders → danh sách đơn hàng hiển thị"
"broken","Thu Aug 20 15:14:15 UTC 2026","Thu Aug 20 15:14:15 UTC 2026","0","StoreFront Test Suite","SF Regression Tests","com.medusa.automation.tests.StoreFrontSearchTest","com.medusa.automation.tests.StoreFrontSearchTest","testNoResultsFoundForUnknownKeyword","testNoResultsFoundForUnknownKeyword","Tìm kiếm với từ khóa không khớp — Hiển thị 'No results found.' và không crash app"
"failed","Thu Aug 20 15:11:43 UTC 2026","Thu Aug 20 15:11:43 UTC 2026","0","Medusa API Test Suite","Admin API — Customers","com.medusa.automation.tests.api.admin.AdminCustomerApiTest","com.medusa.automation.tests.api.admin.AdminCustomerApiTest","TC_API_ADMIN_CUS_005_listCustomers_paginationOffset0_returnsFromStart","TC_API_ADMIN_CUS_005_listCustomers_paginationOffset0_returnsFromStart","TC_API_ADMIN_CUS_005 — List customers với offset=0 → 200 + offset field trong response = 0"
"passed","Thu Aug 20 15:11:43 UTC 2026","Thu Aug 20 15:11:43 UTC 2026","125","Medusa API Test Suite","Admin API — Products","com.medusa.automation.tests.api.admin.AdminProductApiTest","com.medusa.automation.tests.api.admin.AdminProductApiTest","TC_API_ADMIN_PROD_003_listProducts_invalidToken_returns401","TC_API_ADMIN_PROD_003_listProducts_invalidToken_returns401","TC_API_ADMIN_PROD_003 — List products với token không hợp lệ → 401"
"broken","Thu Aug 20 15:13:04 UTC 2026","Thu Aug 20 15:13:05 UTC 2026","889","Medusa Admin Auth Suite","Regression Tests","com.medusa.automation.tests.SessionManagementTest","com.medusa.automation.tests.SessionManagementTest","tc049_refreshDashboardKeepsSession","tc049_refreshDashboardKeepsSession","MED_AUTH_TC_049: Đang ở /app/orders, F5 refresh → session vẫn còn, không redirect login"
"broken","Thu Aug 20 15:14:03 UTC 2026","Thu Aug 20 15:14:03 UTC 2026","3","StoreFront Test Suite","SF Regression Tests","com.medusa.automation.tests.StoreFrontProductTest","com.medusa.automation.tests.StoreFrontProductTest","testProductGalleryMainImageIsDisplayed","testProductGalleryMainImageIsDisplayed","Gallery ảnh sản phẩm — main image hiển thị"
"skipped","Thu Aug 20 15:11:42 UTC 2026","Thu Aug 20 15:11:42 UTC 2026","0","Medusa API Test Suite","Storefront API — Cart & Checkout","com.medusa.automation.tests.api.storefront.StorefrontCartApiTest","com.medusa.automation.tests.api.storefront.StorefrontCartApiTest","TC_API_CART_008_addLineItem_negativeQuantity_returnsError","TC_API_CART_008_addLineItem_negativeQuantity_returnsError","TC_API_CART_008 — Thêm line item với quantity âm (-1) → error (400/422)"
"broken","Thu Aug 20 15:14:12 UTC 2026","Thu Aug 20 15:14:12 UTC 2026","1","StoreFront Test Suite","SF Regression Tests","com.medusa.automation.tests.StoreFrontAccountTest","com.medusa.automation.tests.StoreFrontAccountTest","testLoginFormEmptySubmitShowsHtml5Validation","testLoginFormEmptySubmitShowsHtml5Validation","Submit form Đăng nhập rỗng — HTML5 browser validation ngăn chặn submit"
"broken","Thu Aug 20 15:14:13 UTC 2026","Thu Aug 20 15:14:13 UTC 2026","1","StoreFront Test Suite","SF Regression Tests","com.medusa.automation.tests.StoreFrontAccountTest","com.medusa.automation.tests.StoreFrontAccountTest","testLoginWithValidCredentials","testLoginWithValidCredentials","Login thành công với credentials hợp lệ — chuyển đến Account Dashboard"
"passed","Thu Aug 20 15:11:40 UTC 2026","Thu Aug 20 15:11:40 UTC 2026","176","Medusa API Test Suite","Storefront API — Authentication","com.medusa.automation.tests.api.storefront.StorefrontAuthApiTest","com.medusa.automation.tests.api.storefront.StorefrontAuthApiTest","TC_API_AUTH_007_login_wrongPassword_returns401","TC_API_AUTH_007_login_wrongPassword_returns401","TC_API_AUTH_007 — Login sai password → expect 401 Unauthorized"
"passed","Thu Aug 20 15:11:42 UTC 2026","Thu Aug 20 15:11:42 UTC 2026","121","Medusa API Test Suite","Storefront API — Cart & Checkout","com.medusa.automation.tests.api.storefront.StorefrontCartApiTest","com.medusa.automation.tests.api.storefront.StorefrontCartApiTest","TC_API_CART_002_createCart_emptyBody_createsGracefully","TC_API_CART_002_createCart_emptyBody_createsGracefully","TC_API_CART_002 — Tạo cart không có region_id → Medusa tạo cart gracefully (200)"
"broken","Thu Aug 20 15:14:07 UTC 2026","Thu Aug 20 15:14:07 UTC 2026","0","StoreFront Test Suite","SF Regression Tests","com.medusa.automation.tests.StoreFrontCartTest","com.medusa.automation.tests.StoreFrontCartTest","testIncreaseQuantityInCart","testIncreaseQuantityInCart","Tăng số lượng sản phẩm từ 1 thành 3 — Cart cập nhật số lượng đúng"
"passed","Thu Aug 20 15:11:41 UTC 2026","Thu Aug 20 15:11:41 UTC 2026","125","Medusa API Test Suite","Storefront API — Authentication","com.medusa.automation.tests.api.storefront.StorefrontAuthApiTest","com.medusa.automation.tests.api.storefront.StorefrontAuthApiTest","TC_API_AUTH_009_login_emptyBody_returns400","TC_API_AUTH_009_login_emptyBody_returns400","TC_API_AUTH_009 — Login với body rỗng → expect 400/422"
"failed","Thu Aug 20 15:11:43 UTC 2026","Thu Aug 20 15:11:43 UTC 2026","0","Medusa API Test Suite","Admin API — Customers","com.medusa.automation.tests.api.admin.AdminCustomerApiTest","com.medusa.automation.tests.api.admin.AdminCustomerApiTest","TC_API_ADMIN_CUS_006_getCustomerById_validId_returns200WithCustomer","TC_API_ADMIN_CUS_006_getCustomerById_validId_returns200WithCustomer","TC_API_ADMIN_CUS_006 — Admin lấy chi tiết customer theo ID → 200 + customer object đầy đủ required fields"
"passed","Thu Aug 20 15:13:23 UTC 2026","Thu Aug 20 15:13:26 UTC 2026","2407","Medusa Admin Auth Suite","Regression Tests","com.medusa.automation.tests.AdminOrderTest","com.medusa.automation.tests.AdminOrderTest","testUnauthenticatedOrdersRedirectToLogin","testUnauthenticatedOrdersRedirectToLogin","MED_ORD_TC_054: Truy cập /app/orders không có session → redirect về /app/login"
"broken","Thu Aug 20 15:14:02 UTC 2026","Thu Aug 20 15:14:02 UTC 2026","0","StoreFront Test Suite","SF Regression Tests","com.medusa.automation.tests.StoreFrontProductTest","com.medusa.automation.tests.StoreFrontProductTest","testGoToCartFromMiniCart","testGoToCartFromMiniCart","Click 'Go to cart' từ Mini Cart → Navigate đến trang /gb/cart"
"passed","Thu Aug 20 15:12:44 UTC 2026","Thu Aug 20 15:12:46 UTC 2026","1608","Medusa Admin Auth Suite","Regression Tests","com.medusa.automation.tests.LoginTest","com.medusa.automation.tests.LoginTest","tc044_tabNavigationOrder","tc044_tabNavigationOrder","MED_AUTH_TC_044: Tab navigation từ Email → Password → eye-icon → Submit button → Reset link đúng thứ tự"
"passed","Thu Aug 20 15:11:43 UTC 2026","Thu Aug 20 15:11:43 UTC 2026","108","Medusa API Test Suite","Admin API — Products","com.medusa.automation.tests.api.admin.AdminProductApiTest","com.medusa.automation.tests.api.admin.AdminProductApiTest","TC_API_ADMIN_PROD_002_listProducts_noAuth_returns401","TC_API_ADMIN_PROD_002_listProducts_noAuth_returns401","TC_API_ADMIN_PROD_002 — List products không có Authorization header → 401"
"broken","Thu Aug 20 15:14:17 UTC 2026","Thu Aug 20 15:14:17 UTC 2026","2","StoreFront Test Suite","SF Regression Tests","com.medusa.automation.tests.StoreFrontSearchTest","com.medusa.automation.tests.StoreFrontSearchTest","testXssInjectionInSearchIsEscaped","testXssInjectionInSearchIsEscaped","XSS Injection trong ô Search — React/Next.js phải escape HTML, không có alert popup"
"passed","Thu Aug 20 15:12:32 UTC 2026","Thu Aug 20 15:12:35 UTC 2026","2468","Medusa Admin Auth Suite","Regression Tests","com.medusa.automation.tests.LoginTest","com.medusa.automation.tests.LoginTest","tc009_loginWithNonExistentEmail","tc009_loginWithNonExistentEmail","MED_AUTH_TC_009: Đăng nhập với email không tồn tại → 'Invalid email or password' (không tiết lộ email có tồn tại không)"
"broken","Thu Aug 20 15:14:09 UTC 2026","Thu Aug 20 15:14:09 UTC 2026","1","StoreFront Test Suite","SF Regression Tests","com.medusa.automation.tests.StoreFrontCheckoutTest","com.medusa.automation.tests.StoreFrontCheckoutTest","testCheckoutStep1InvalidEmailValidation","testCheckoutStep1InvalidEmailValidation","Nhập Email không hợp lệ ở Bước 1 → HTML5 email validation báo lỗi"
"broken","Thu Aug 20 15:13:30 UTC 2026","Thu Aug 20 15:13:32 UTC 2026","1504","Medusa Admin Auth Suite","Known Bug Tests (Expected FAIL — App Bugs)","com.medusa.automation.tests.LoginTest","com.medusa.automation.tests.LoginTest","tc011_loginWithEmailMissingDomain_knownBug","tc011_loginWithEmailMissingDomain_knownBug","MED_AUTH_TC_011 [KNOWN BUG]: Email 'admin@' thiếu domain → Expected: HTML5 validation lỗi. App Bug: không hiển thị validation"
"failed","Thu Aug 20 15:11:43 UTC 2026","Thu Aug 20 15:11:43 UTC 2026","1","Medusa API Test Suite","Admin API — Orders","com.medusa.automation.tests.api.admin.AdminOrderApiTest","com.medusa.automation.tests.api.admin.AdminOrderApiTest","TC_API_ADMIN_ORDER_004_listOrders_paginationLimit5_returnsMaxItems","TC_API_ADMIN_ORDER_004_listOrders_paginationLimit5_returnsMaxItems","TC_API_ADMIN_ORDER_004 — Admin list orders với limit=5 → 200 + số items ≤ 5"
"passed","Thu Aug 20 15:12:48 UTC 2026","Thu Aug 20 15:12:50 UTC 2026","2071","Medusa Admin Auth Suite","Regression Tests","com.medusa.automation.tests.ResetPasswordTest","com.medusa.automation.tests.ResetPasswordTest","tc022_navigateToResetPasswordPage","tc022_navigateToResetPasswordPage","MED_AUTH_TC_022: Click link 'Reset' trên Login page → chuyển đến /app/reset-password với đủ thành phần"
"broken","Thu Aug 20 15:12:42 UTC 2026","Thu Aug 20 15:12:44 UTC 2026","1422","Medusa Admin Auth Suite","Regression Tests","com.medusa.automation.tests.LoginTest","com.medusa.automation.tests.LoginTest","tc017_passwordToggleEyeIcon","tc017_passwordToggleEyeIcon","MED_AUTH_TC_017: Click eye-icon → password chuyển sang text (hiện), click lại → ẩn trở lại"
"broken","Thu Aug 20 15:13:13 UTC 2026","Thu Aug 20 15:13:14 UTC 2026","866","Medusa Admin Auth Suite","Regression Tests","com.medusa.automation.tests.AdminOrderTest","com.medusa.automation.tests.AdminOrderTest","testCancelDraftOrderForm","testCancelDraftOrderForm","MED_ORD_TC_052: Click Cancel trong form Draft Order → form đóng, không tạo Draft"
"failed","Thu Aug 20 15:11:42 UTC 2026","Thu Aug 20 15:11:42 UTC 2026","0","Medusa API Test Suite","Storefront API — Orders","com.medusa.automation.tests.api.storefront.StorefrontOrderApiTest","com.medusa.automation.tests.api.storefront.StorefrontOrderApiTest","TC_API_ORDER_004_getOrders_paginationLimit5_returns200WithMaxItems","TC_API_ORDER_004_getOrders_paginationLimit5_returns200WithMaxItems","TC_API_ORDER_004 — Lấy orders với limit=5 → 200 + số items ≤ 5"
"broken","Thu Aug 20 15:11:42 UTC 2026","Thu Aug 20 15:11:42 UTC 2026","2","Medusa API Test Suite","Admin API — Authentication","com.medusa.automation.tests.api.admin.AdminAuthApiTest","com.medusa.automation.tests.api.admin.AdminAuthApiTest","TC_API_ADMIN_AUTH_003_login_nonExistentEmail_returns401","TC_API_ADMIN_AUTH_003_login_nonExistentEmail_returns401","TC_API_ADMIN_AUTH_003 — Admin login với email không tồn tại → 401"
"passed","Thu Aug 20 15:11:40 UTC 2026","Thu Aug 20 15:11:40 UTC 2026","199","Medusa API Test Suite","Storefront API — Authentication","com.medusa.automation.tests.api.storefront.StorefrontAuthApiTest","com.medusa.automation.tests.api.storefront.StorefrontAuthApiTest","TC_API_AUTH_004_registerToken_invalidEmailFormat_verifyBehavior","TC_API_AUTH_004_registerToken_invalidEmailFormat_verifyBehavior","TC_API_AUTH_004 — Register email sai format → Medusa chấp nhận (200) — KNOWN: không validate format ở auth layer"
"broken","Thu Aug 20 15:13:59 UTC 2026","Thu Aug 20 15:13:59 UTC 2026","1","StoreFront Test Suite","SF Regression Tests","com.medusa.automation.tests.StoreFrontStoreTest","com.medusa.automation.tests.StoreFrontStoreTest","testProductListIsPaginatedOrScrollable","testProductListIsPaginatedOrScrollable","Trang Store có phân trang hoặc infinite scroll — danh sách sản phẩm có thể duyệt"
"failed","Thu Aug 20 15:11:42 UTC 2026","Thu Aug 20 15:11:42 UTC 2026","1","Medusa API Test Suite","Storefront API — Orders","com.medusa.automation.tests.api.storefront.StorefrontOrderApiTest","com.medusa.automation.tests.api.storefront.StorefrontOrderApiTest","TC_API_ORDER_001_getOrders_authenticated_returns200WithArray","TC_API_ORDER_001_getOrders_authenticated_returns200WithArray","TC_API_ORDER_001 — Lấy danh sách orders của customer đã login → 200 + orders array"
"passed","Thu Aug 20 15:11:43 UTC 2026","Thu Aug 20 15:11:43 UTC 2026","90","Medusa API Test Suite","Admin API — Customers","com.medusa.automation.tests.api.admin.AdminCustomerApiTest","com.medusa.automation.tests.api.admin.AdminCustomerApiTest","TC_API_ADMIN_CUS_007_getCustomerById_noAuth_returns401","TC_API_ADMIN_CUS_007_getCustomerById_noAuth_returns401","TC_API_ADMIN_CUS_007 — Gọi /admin/customers endpoint không có Authorization header → 401 Unauthorized"
"broken","Thu Aug 20 15:13:58 UTC 2026","Thu Aug 20 15:13:58 UTC 2026","1","StoreFront Test Suite","SF Regression Tests","com.medusa.automation.tests.StoreFrontStoreTest","com.medusa.automation.tests.StoreFrontStoreTest","testFilterByCategoryShirts","testFilterByCategoryShirts","Click Category Shirts → Filter danh sách sản phẩm theo Shirts"
"broken","Thu Aug 20 15:14:10 UTC 2026","Thu Aug 20 15:14:10 UTC 2026","1","StoreFront Test Suite","SF Regression Tests","com.medusa.automation.tests.StoreFrontCheckoutTest","com.medusa.automation.tests.StoreFrontCheckoutTest","testCheckoutStep2ToStep3Transition","testCheckoutStep2ToStep3Transition","Chọn Standard Shipping → Click Continue → chuyển sang Bước 3 (Payment)"
"broken","Thu Aug 20 15:12:30 UTC 2026","Thu Aug 20 15:12:32 UTC 2026","1503","Medusa Admin Auth Suite","Regression Tests","com.medusa.automation.tests.LoginTest","com.medusa.automation.tests.LoginTest","tc008_loginWithWrongPassword","tc008_loginWithWrongPassword","MED_AUTH_TC_008: Đăng nhập với password sai → hiển thị 'Invalid email or password'"
"failed","Thu Aug 20 15:11:43 UTC 2026","Thu Aug 20 15:11:43 UTC 2026","1","Medusa API Test Suite","Admin API — Orders","com.medusa.automation.tests.api.admin.AdminOrderApiTest","com.medusa.automation.tests.api.admin.AdminOrderApiTest","TC_API_ADMIN_ORDER_007_getOrderById_nonExistentId_returns404","TC_API_ADMIN_ORDER_007_getOrderById_nonExistentId_returns404","TC_API_ADMIN_ORDER_007 — Admin lấy order với ID không tồn tại → 404 Not Found"
"broken","Thu Aug 20 15:14:05 UTC 2026","Thu Aug 20 15:14:05 UTC 2026","1","StoreFront Test Suite","SF Regression Tests","com.medusa.automation.tests.StoreFrontCartTest","com.medusa.automation.tests.StoreFrontCartTest","testApplyInvalidPromoCode","testApplyInvalidPromoCode","Áp dụng mã khuyến mãi không tồn tại hoặc hết hạn — hiển thị thông báo lỗi"
"failed","Thu Aug 20 15:11:41 UTC 2026","Thu Aug 20 15:11:42 UTC 2026","107","Medusa API Test Suite","Storefront API — Cart & Checkout","com.medusa.automation.tests.api.storefront.StorefrontCartApiTest","com.medusa.automation.tests.api.storefront.StorefrontCartApiTest","TC_API_CART_001_createCart_validRegion_returns200WithCartId","TC_API_CART_001_createCart_validRegion_returns200WithCartId","TC_API_CART_001 — Tạo cart mới với region_id hợp lệ → 200 + cartId"
"failed","Thu Aug 20 15:11:43 UTC 2026","Thu Aug 20 15:11:43 UTC 2026","0","Medusa API Test Suite","Admin API — Orders","com.medusa.automation.tests.api.admin.AdminOrderApiTest","com.medusa.automation.tests.api.admin.AdminOrderApiTest","TC_API_ADMIN_ORDER_010_listOrders_statusField_isValidEnum","TC_API_ADMIN_ORDER_010_listOrders_statusField_isValidEnum","TC_API_ADMIN_ORDER_010 — Order status trong list phải là giá trị hợp lệ theo enum: pending/completed/canceled/etc."
"broken","Thu Aug 20 15:14:10 UTC 2026","Thu Aug 20 15:14:10 UTC 2026","1","StoreFront Test Suite","SF Regression Tests","com.medusa.automation.tests.StoreFrontCheckoutTest","com.medusa.automation.tests.StoreFrontCheckoutTest","testCheckoutStep2DeliveryMethodsDisplayed","testCheckoutStep2DeliveryMethodsDisplayed","Bước 2 hiển thị danh sách shipping methods — Standard và Express Shipping"
"broken","Thu Aug 20 15:13:02 UTC 2026","Thu Aug 20 15:13:02 UTC 2026","878","Medusa Admin Auth Suite","Regression Tests","com.medusa.automation.tests.SessionManagementTest","com.medusa.automation.tests.SessionManagementTest","tc034_sessionTimeoutAfterCookieDeletion","tc034_sessionTimeoutAfterCookieDeletion","MED_AUTH_TC_034: Đang login, xóa cookie → refresh → phải redirect về /app/login"
"broken","Thu Aug 20 15:14:04 UTC 2026","Thu Aug 20 15:14:04 UTC 2026","0","StoreFront Test Suite","SF Regression Tests","com.medusa.automation.tests.StoreFrontProductTest","com.medusa.automation.tests.StoreFrontProductTest","testSizeVariantsAreSelectable","testSizeVariantsAreSelectable","Size variant buttons hiển thị — click chọn size 'S'"
"passed","Thu Aug 20 15:11:42 UTC 2026","Thu Aug 20 15:11:42 UTC 2026","110","Medusa API Test Suite","Admin API — Orders","com.medusa.automation.tests.api.admin.AdminOrderApiTest","com.medusa.automation.tests.api.admin.AdminOrderApiTest","TC_API_ADMIN_ORDER_002_listOrders_noAuth_returns401","TC_API_ADMIN_ORDER_002_listOrders_noAuth_returns401","TC_API_ADMIN_ORDER_002 — List orders không có Authorization header → 401 Unauthorized"
"broken","Thu Aug 20 15:11:42 UTC 2026","Thu Aug 20 15:11:42 UTC 2026","1","Medusa API Test Suite","Admin API — Authentication","com.medusa.automation.tests.api.admin.AdminAuthApiTest","com.medusa.automation.tests.api.admin.AdminAuthApiTest","TC_API_ADMIN_AUTH_001_login_validCredentials_returns200WithToken","TC_API_ADMIN_AUTH_001_login_validCredentials_returns200WithToken","TC_API_ADMIN_AUTH_001 — Admin login thành công với credentials hợp lệ → 200 + JWT token"
"broken","Thu Aug 20 15:13:34 UTC 2026","Thu Aug 20 15:13:35 UTC 2026","1430","Medusa Admin Auth Suite","Known Bug Tests (Expected FAIL — App Bugs)","com.medusa.automation.tests.ResetPasswordTest","com.medusa.automation.tests.ResetPasswordTest","tc023_sendResetWithExistingEmail_knownBug","tc023_sendResetWithExistingEmail_knownBug","MED_AUTH_TC_023 [KNOWN BUG]: Gửi reset với admin email → Expected: thông báo 'Successfully sent you an email'. App Bug: tính năng chưa có, không gửi email thực tế"
"broken","Thu Aug 20 15:14:01 UTC 2026","Thu Aug 20 15:14:01 UTC 2026","1","StoreFront Test Suite","SF Regression Tests","com.medusa.automation.tests.StoreFrontProductTest","com.medusa.automation.tests.StoreFrontProductTest","testColorVariantsAreSelectable","testColorVariantsAreSelectable","Color variant buttons hiển thị và có thể click để chọn màu"
"broken","Thu Aug 20 15:13:57 UTC 2026","Thu Aug 20 15:13:57 UTC 2026","0","StoreFront Test Suite","SF Regression Tests","com.medusa.automation.tests.StoreFrontHomeTest","com.medusa.automation.tests.StoreFrontHomeTest","testUrlContainsCountryPrefix","testUrlContainsCountryPrefix","Kiểm tra cấu trúc URL với mã quốc gia /gb (United Kingdom)"
"passed","Thu Aug 20 15:12:06 UTC 2026","Thu Aug 20 15:12:28 UTC 2026","21702","Medusa Admin Auth Suite","Regression Tests","com.medusa.automation.tests.LoginTest","com.medusa.automation.tests.LoginTest","tc005_submitEmptyForm","tc005_submitEmptyForm","MED_AUTH_TC_005: Submit form trống → hệ thống ngăn submit, không chuyển trang"
"broken","Thu Aug 20 15:13:56 UTC 2026","Thu Aug 20 15:13:56 UTC 2026","1","StoreFront Test Suite","SF Regression Tests","com.medusa.automation.tests.StoreFrontHomeTest","com.medusa.automation.tests.StoreFrontHomeTest","testMenuOverlayClosesWithXButton","testMenuOverlayClosesWithXButton","Click nút X (đóng) → Overlay đóng mượt mà, quay về trang cũ"
"broken","Thu Aug 20 15:14:15 UTC 2026","Thu Aug 20 15:14:15 UTC 2026","1","StoreFront Test Suite","SF Regression Tests","com.medusa.automation.tests.StoreFrontSearchTest","com.medusa.automation.tests.StoreFrontSearchTest","testCancelButtonResetsSearch","testCancelButtonResetsSearch","Nút '× Cancel' xóa từ khóa và reset danh sách về tất cả sản phẩm"
"broken","Thu Aug 20 15:14:04 UTC 2026","Thu Aug 20 15:14:04 UTC 2026","0","StoreFront Test Suite","SF Regression Tests","com.medusa.automation.tests.StoreFrontProductTest","com.medusa.automation.tests.StoreFrontProductTest","testQuantityIncreaseAndDecrease","testQuantityIncreaseAndDecrease","Tăng số lượng lên 2 — quantity input hiển thị giá trị mới"
"passed","Thu Aug 20 15:11:39 UTC 2026","Thu Aug 20 15:11:40 UTC 2026","131","Medusa API Test Suite","Storefront API — Authentication","com.medusa.automation.tests.api.storefront.StorefrontAuthApiTest","com.medusa.automation.tests.api.storefront.StorefrontAuthApiTest","TC_API_AUTH_003_registerToken_missingEmail_returnsError","TC_API_AUTH_003_registerToken_missingEmail_returnsError","TC_API_AUTH_003 — Register thiếu email → server từ chối (400/401/422)"
"broken","Thu Aug 20 15:13:07 UTC 2026","Thu Aug 20 15:13:08 UTC 2026","893","Medusa Admin Auth Suite","Regression Tests","com.medusa.automation.tests.AdminProductTest","com.medusa.automation.tests.AdminProductTest","testCreateProductHappyPath","testCreateProductHappyPath","Admin tạo sản phẩm mới với Title hợp lệ → sản phẩm xuất hiện trong danh sách"
"broken","Thu Aug 20 15:13:09 UTC 2026","Thu Aug 20 15:13:10 UTC 2026","854","Medusa Admin Auth Suite","Regression Tests","com.medusa.automation.tests.AdminProductTest","com.medusa.automation.tests.AdminProductTest","testProductsListPageDisplayed","testProductsListPageDisplayed","Admin navigate đến /app/products → danh sách sản phẩm hiển thị, nút Create hiển thị"
"failed","Thu Aug 20 15:11:43 UTC 2026","Thu Aug 20 15:11:43 UTC 2026","0","Medusa API Test Suite","Admin API — Customers","com.medusa.automation.tests.api.admin.AdminCustomerApiTest","com.medusa.automation.tests.api.admin.AdminCustomerApiTest","TC_API_ADMIN_CUS_010_listCustomers_responseTime_withinSLA","TC_API_ADMIN_CUS_010_listCustomers_responseTime_withinSLA","TC_API_ADMIN_CUS_010 — Response time của admin customer list < 5000ms (SLA)"
"broken","Thu Aug 20 15:13:55 UTC 2026","Thu Aug 20 15:13:55 UTC 2026","3","StoreFront Test Suite","SF Regression Tests","com.medusa.automation.tests.StoreFrontHomeTest","com.medusa.automation.tests.StoreFrontHomeTest","testHomepageHeroSectionIsDisplayed","testHomepageHeroSectionIsDisplayed","Hero section của trang chủ /gb hiển thị heading và CTA button"
"skipped","Thu Aug 20 15:11:42 UTC 2026","Thu Aug 20 15:11:42 UTC 2026","0","Medusa API Test Suite","Storefront API — Cart & Checkout","com.medusa.automation.tests.api.storefront.StorefrontCartApiTest","com.medusa.automation.tests.api.storefront.StorefrontCartApiTest","TC_API_CART_009_addShippingMethod_validOptionId_returns200","TC_API_CART_009_addShippingMethod_validOptionId_returns200","TC_API_CART_009 — Thêm shipping method vào cart đã có items → 200"
"failed","Thu Aug 20 15:11:43 UTC 2026","Thu Aug 20 15:11:43 UTC 2026","0","Medusa API Test Suite","Admin API — Customers","com.medusa.automation.tests.api.admin.AdminCustomerApiTest","com.medusa.automation.tests.api.admin.AdminCustomerApiTest","TC_API_ADMIN_CUS_009_listCustomers_responseStructure_isValid","TC_API_ADMIN_CUS_009_listCustomers_responseStructure_isValid","TC_API_ADMIN_CUS_009 — Validate list structure: count >= 0, limit > 0, offset >= 0, customers là array"
"broken","Thu Aug 20 15:13:06 UTC 2026","Thu Aug 20 15:13:07 UTC 2026","889","Medusa Admin Auth Suite","Regression Tests","com.medusa.automation.tests.AdminProductTest","com.medusa.automation.tests.AdminProductTest","testCreateProductFormStructure","testCreateProductFormStructure","Click nút Create → Drawer mở với Title input và Continue button"
"failed","Thu Aug 20 15:11:42 UTC 2026","Thu Aug 20 15:11:42 UTC 2026","1","Medusa API Test Suite","Storefront API — Orders","com.medusa.automation.tests.api.storefront.StorefrontOrderApiTest","com.medusa.automation.tests.api.storefront.StorefrontOrderApiTest","TC_API_ORDER_009_getOrders_responseTime_withinSLA","TC_API_ORDER_009_getOrders_responseTime_withinSLA","TC_API_ORDER_009 — Response time của order list endpoint phải < 5000ms (SLA)"
"failed","Thu Aug 20 15:11:43 UTC 2026","Thu Aug 20 15:11:43 UTC 2026","3","Medusa API Test Suite","Admin API — Products","com.medusa.automation.tests.api.admin.AdminProductApiTest","com.medusa.automation.tests.api.admin.AdminProductApiTest","TC_API_ADMIN_PROD_007_getProductById_nonExistentId_returns404","TC_API_ADMIN_PROD_007_getProductById_nonExistentId_returns404","TC_API_ADMIN_PROD_007 — Admin lấy product với ID không tồn tại → 404 Not Found"
"broken","Thu Aug 20 15:13:15 UTC 2026","Thu Aug 20 15:13:16 UTC 2026","868","Medusa Admin Auth Suite","Regression Tests","com.medusa.automation.tests.AdminOrderTest","com.medusa.automation.tests.AdminOrderTest","testCreateDraftOrderHappyPath","testCreateDraftOrderHappyPath","MED_ORD_TC_044: Tạo Draft Order đầy đủ thông tin → redirect đến trang chi tiết"
"passed","Thu Aug 20 15:12:51 UTC 2026","Thu Aug 20 15:12:53 UTC 2026","2142","Medusa Admin Auth Suite","Regression Tests","com.medusa.automation.tests.ResetPasswordTest","com.medusa.automation.tests.ResetPasswordTest","tc024_sendResetWithNonExistentEmail","tc024_sendResetWithNonExistentEmail","MED_AUTH_TC_024: Gửi reset với email không tồn tại → VẪN hiển thị success (chống email enumeration)"
"broken","Thu Aug 20 15:14:18 UTC 2026","Thu Aug 20 15:14:18 UTC 2026","0","StoreFront Test Suite","SF Regression Tests","com.medusa.automation.tests.StoreFrontSecurityTest","com.medusa.automation.tests.StoreFrontSecurityTest","testXssInCheckoutShippingAddress","testXssInCheckoutShippingAddress","XSS payload trong Checkout Shipping Address — React phải escape HTML, không có alert popup"
"failed","Thu Aug 20 15:11:43 UTC 2026","Thu Aug 20 15:11:43 UTC 2026","0","Medusa API Test Suite","Admin API — Products","com.medusa.automation.tests.api.admin.AdminProductApiTest","com.medusa.automation.tests.api.admin.AdminProductApiTest","TC_API_ADMIN_PROD_001_listProducts_adminAuth_returns200WithArray","TC_API_ADMIN_PROD_001_listProducts_adminAuth_returns200WithArray","TC_API_ADMIN_PROD_001 — Admin list tất cả products → 200 + products array + pagination metadata"
"skipped","Thu Aug 20 15:11:42 UTC 2026","Thu Aug 20 15:11:42 UTC 2026","0","Medusa API Test Suite","Storefront API — Cart & Checkout","com.medusa.automation.tests.api.storefront.StorefrontCartApiTest","com.medusa.automation.tests.api.storefront.StorefrontCartApiTest","TC_API_CART_007_addLineItem_missingVariantId_returnsError","TC_API_CART_007_addLineItem_missingVariantId_returnsError","TC_API_CART_007 — Thêm line item thiếu variant_id → error (400/422)"
"passed","Thu Aug 20 15:11:43 UTC 2026","Thu Aug 20 15:11:43 UTC 2026","109","Medusa API Test Suite","Admin API — Customers","com.medusa.automation.tests.api.admin.AdminCustomerApiTest","com.medusa.automation.tests.api.admin.AdminCustomerApiTest","TC_API_ADMIN_CUS_002_listCustomers_noAuth_returns401","TC_API_ADMIN_CUS_002_listCustomers_noAuth_returns401","TC_API_ADMIN_CUS_002 — List customers không có Authorization header → 401 Unauthorized"
"broken","Thu Aug 20 15:14:05 UTC 2026","Thu Aug 20 15:14:05 UTC 2026","2","StoreFront Test Suite","SF Regression Tests","com.medusa.automation.tests.StoreFrontCartTest","com.medusa.automation.tests.StoreFrontCartTest","testApplyValidPromoCode","testApplyValidPromoCode","Mở khung nhập và áp dụng mã khuyến mãi hợp lệ trong trang Cart"
"broken","Thu Aug 20 15:14:09 UTC 2026","Thu Aug 20 15:14:09 UTC 2026","2","StoreFront Test Suite","SF Regression Tests","com.medusa.automation.tests.StoreFrontCheckoutTest","com.medusa.automation.tests.StoreFrontCheckoutTest","testCheckoutStep1ToStep2Transition","testCheckoutStep1ToStep2Transition","Điền đầy đủ thông tin hợp lệ Bước 1 → Click Continue → chuyển sang Bước 2 (Delivery)"
"broken","Thu Aug 20 15:14:00 UTC 2026","Thu Aug 20 15:14:00 UTC 2026","2","StoreFront Test Suite","SF Regression Tests","com.medusa.automation.tests.StoreFrontProductTest","com.medusa.automation.tests.StoreFrontProductTest","testAddToCartHappyPath","testAddToCartHappyPath","Happy path: Chọn size S → Click Add to Cart → Cart có sản phẩm"
"broken","Thu Aug 20 15:14:17 UTC 2026","Thu Aug 20 15:14:17 UTC 2026","0","StoreFront Test Suite","SF Regression Tests","com.medusa.automation.tests.StoreFrontSecurityTest","com.medusa.automation.tests.StoreFrontSecurityTest","testRegisterNewAccountKnownBug","testRegisterNewAccountKnownBug","[BUG-SF-01] Register với email mới → EXPECTED: Login thành công | BUG: React Error #31 'Objects are not valid as React children'"
"broken","Thu Aug 20 15:14:06 UTC 2026","Thu Aug 20 15:14:06 UTC 2026","1","StoreFront Test Suite","SF Regression Tests","com.medusa.automation.tests.StoreFrontCartTest","com.medusa.automation.tests.StoreFrontCartTest","testDeleteItemFromCart","testDeleteItemFromCart","Click icon thùng rác → Xóa sản phẩm khỏi giỏ hàng"
"broken","Thu Aug 20 15:13:57 UTC 2026","Thu Aug 20 15:13:57 UTC 2026","6","StoreFront Test Suite","SF Regression Tests","com.medusa.automation.tests.StoreFrontStoreTest","com.medusa.automation.tests.StoreFrontStoreTest","testCategoryFiltersAreDisplayed","testCategoryFiltersAreDisplayed","Category filter links hiển thị (Shirts, Sweatshirts, Pants, Merch)"
"passed","Thu Aug 20 15:12:38 UTC 2026","Thu Aug 20 15:12:40 UTC 2026","1851","Medusa Admin Auth Suite","Regression Tests","com.medusa.automation.tests.LoginTest","com.medusa.automation.tests.LoginTest","tc014_sqlInjectionInEmailField","tc014_sqlInjectionInEmailField","MED_AUTH_TC_014: SQL injection trong Email → không bị bypass, hiển thị 'Invalid email or password'"
"broken","Thu Aug 20 15:13:36 UTC 2026","Thu Aug 20 15:13:37 UTC 2026","867","Medusa Admin Auth Suite","Known Bug Tests (Expected FAIL — App Bugs)","com.medusa.automation.tests.SessionManagementTest","com.medusa.automation.tests.SessionManagementTest","tc004_redirectWhenAlreadyLoggedIn_knownBug","tc004_redirectWhenAlreadyLoggedIn_knownBug","MED_AUTH_TC_004 [KNOWN BUG]: Đã login, truy cập /app/login → Expected: auto-redirect về /app/orders. App Bug: vẫn ở trang login, không redirect"
"broken","Thu Aug 20 15:14:16 UTC 2026","Thu Aug 20 15:14:16 UTC 2026","0","StoreFront Test Suite","SF Regression Tests","com.medusa.automation.tests.StoreFrontSearchTest","com.medusa.automation.tests.StoreFrontSearchTest","testSearchPageDisplaysDefaultProducts","testSearchPageDisplaysDefaultProducts","Mở trang /gb/search — kiểm tra Search input và sản phẩm mặc định"
"broken","Thu Aug 20 15:12:46 UTC 2026","Thu Aug 20 15:12:48 UTC 2026","1389","Medusa Admin Auth Suite","Regression Tests","com.medusa.automation.tests.LoginTest","com.medusa.automation.tests.LoginTest","tc045_submitLoginFormWithEnterKey","tc045_submitLoginFormWithEnterKey","MED_AUTH_TC_045: Điền Email + Password, nhấn Enter → form submit, đăng nhập thành công"
"failed","Thu Aug 20 15:11:42 UTC 2026","Thu Aug 20 15:11:42 UTC 2026","0","Medusa API Test Suite","Storefront API — Orders","com.medusa.automation.tests.api.storefront.StorefrontOrderApiTest","com.medusa.automation.tests.api.storefront.StorefrontOrderApiTest","TC_API_ORDER_008_getOrders_responseStructure_isValid","TC_API_ORDER_008_getOrders_responseStructure_isValid","TC_API_ORDER_008 — Validate response structure của order list: có orders array, count, limit, offset"
"passed","Thu Aug 20 15:12:53 UTC 2026","Thu Aug 20 15:12:55 UTC 2026","2029","Medusa Admin Auth Suite","Regression Tests","com.medusa.automation.tests.ResetPasswordTest","com.medusa.automation.tests.ResetPasswordTest","tc027_backToLoginFromResetPage","tc027_backToLoginFromResetPage","MED_AUTH_TC_027: Click 'Back to login' từ Reset page → chuyển về /app/login"
"broken","Thu Aug 20 15:13:18 UTC 2026","Thu Aug 20 15:13:18 UTC 2026","918","Medusa Admin Auth Suite","Regression Tests","com.medusa.automation.tests.AdminOrderTest","com.medusa.automation.tests.AdminOrderTest","testDraftOrderValidationMissingRegion","testDraftOrderValidationMissingRegion","MED_ORD_TC_045: Tạo Draft Order bỏ qua Region → hệ thống hiển thị validation error"
"broken","Thu Aug 20 15:14:13 UTC 2026","Thu Aug 20 15:14:13 UTC 2026","0","StoreFront Test Suite","SF Regression Tests","com.medusa.automation.tests.StoreFrontAccountTest","com.medusa.automation.tests.StoreFrontAccountTest","testPasswordVisibilityToggle","testPasswordVisibilityToggle","Click icon mắt → password chuyển từ *** sang text; click lần 2 → ẩn lại"
"broken","Thu Aug 20 15:11:42 UTC 2026","Thu Aug 20 15:11:42 UTC 2026","0","Medusa API Test Suite","Admin API — Authentication","com.medusa.automation.tests.api.admin.AdminAuthApiTest","com.medusa.automation.tests.api.admin.AdminAuthApiTest","TC_API_ADMIN_AUTH_002_login_wrongPassword_returns401","TC_API_ADMIN_AUTH_002_login_wrongPassword_returns401","TC_API_ADMIN_AUTH_002 — Admin login sai password → 401 Unauthorized"
"broken","Thu Aug 20 15:13:54 UTC 2026","Thu Aug 20 15:13:54 UTC 2026","2","StoreFront Test Suite","SF Regression Tests","com.medusa.automation.tests.StoreFrontHomeTest","com.medusa.automation.tests.StoreFrontHomeTest","testHomepageFooterIsDisplayed","testHomepageFooterIsDisplayed","Footer của trang chủ /gb hiển thị copyright, category links và Medusa links"
"failed","Thu Aug 20 15:11:43 UTC 2026","Thu Aug 20 15:11:43 UTC 2026","0","Medusa API Test Suite","Admin API — Products","com.medusa.automation.tests.api.admin.AdminProductApiTest","com.medusa.automation.tests.api.admin.AdminProductApiTest","TC_API_ADMIN_PROD_008_listProducts_responseStructure_isValid","TC_API_ADMIN_PROD_008_listProducts_responseStructure_isValid","TC_API_ADMIN_PROD_008 — Validate product list structure: count >= 0, limit > 0, offset >= 0"
"passed","Thu Aug 20 15:11:42 UTC 2026","Thu Aug 20 15:11:42 UTC 2026","127","Medusa API Test Suite","Admin API — Authentication","com.medusa.automation.tests.api.admin.AdminAuthApiTest","com.medusa.automation.tests.api.admin.AdminAuthApiTest","TC_API_ADMIN_AUTH_006_login_emptyBody_returns400","TC_API_ADMIN_AUTH_006_login_emptyBody_returns400","TC_API_ADMIN_AUTH_006 — Admin login với body hoàn toàn rỗng → 400/422"
"failed","Thu Aug 20 15:11:42 UTC 2026","Thu Aug 20 15:11:42 UTC 2026","1","Medusa API Test Suite","Storefront API — Orders","com.medusa.automation.tests.api.storefront.StorefrontOrderApiTest","com.medusa.automation.tests.api.storefront.StorefrontOrderApiTest","TC_API_ORDER_007_getOrderById_nonExistentId_returnsError","TC_API_ORDER_007_getOrderById_nonExistentId_returnsError","TC_API_ORDER_007 — Lấy order với ID không tồn tại → 400/404"
"broken","Thu Aug 20 15:14:18 UTC 2026","Thu Aug 20 15:14:18 UTC 2026","6","StoreFront Test Suite","SF Regression Tests","com.medusa.automation.tests.StoreFrontSecurityTest","com.medusa.automation.tests.StoreFrontSecurityTest","testUrlInjectionPathTraversal","testUrlInjectionPathTraversal","URL path traversal /gb/../admin — phải redirect về homepage hoặc /gb, không phải admin page"
"broken","Thu Aug 20 15:14:03 UTC 2026","Thu Aug 20 15:14:03 UTC 2026","1","StoreFront Test Suite","SF Regression Tests","com.medusa.automation.tests.StoreFrontProductTest","com.medusa.automation.tests.StoreFrontProductTest","testProductDetailPageStructure","testProductDetailPageStructure","Product detail page hiển thị tên sản phẩm, giá, mô tả, Add to Cart button"
"passed","Thu Aug 20 15:12:59 UTC 2026","Thu Aug 20 15:13:01 UTC 2026","2424","Medusa Admin Auth Suite","Regression Tests","com.medusa.automation.tests.SessionManagementTest","com.medusa.automation.tests.SessionManagementTest","tc032_routeGuardRedirectsProductsToLogin","tc032_routeGuardRedirectsProductsToLogin","MED_AUTH_TC_032: Truy cập /app/products không có session → phải redirect về /app/login"
"failed","Thu Aug 20 15:11:43 UTC 2026","Thu Aug 20 15:11:43 UTC 2026","1","Medusa API Test Suite","Admin API — Customers","com.medusa.automation.tests.api.admin.AdminCustomerApiTest","com.medusa.automation.tests.api.admin.AdminCustomerApiTest","TC_API_ADMIN_CUS_008_getCustomerById_nonExistentId_returns404","TC_API_ADMIN_CUS_008_getCustomerById_nonExistentId_returns404","TC_API_ADMIN_CUS_008 — Admin lấy customer với ID không tồn tại → 404 Not Found"
"broken","Thu Aug 20 15:14:12 UTC 2026","Thu Aug 20 15:14:12 UTC 2026","0","StoreFront Test Suite","SF Regression Tests","com.medusa.automation.tests.StoreFrontAccountTest","com.medusa.automation.tests.StoreFrontAccountTest","testLoginPageStructureIsCorrect","testLoginPageStructureIsCorrect","Cấu trúc trang /gb/account — hiển thị đủ Email, Password, Sign in button, Join us link"
"failed","Thu Aug 20 15:11:42 UTC 2026","Thu Aug 20 15:11:42 UTC 2026","102","Medusa API Test Suite","Storefront API — Cart & Checkout","com.medusa.automation.tests.api.storefront.StorefrontCartApiTest","com.medusa.automation.tests.api.storefront.StorefrontCartApiTest","TC_API_CART_004_getCart_invalidIdFormat_returns400","TC_API_CART_004_getCart_invalidIdFormat_returns400","TC_API_CART_004 — Lấy cart với ID format không hợp lệ → 400 (Medusa reject ở validation layer)"
"passed","Thu Aug 20 15:11:41 UTC 2026","Thu Aug 20 15:11:41 UTC 2026","137","Medusa API Test Suite","Storefront API — Authentication","com.medusa.automation.tests.api.storefront.StorefrontAuthApiTest","com.medusa.automation.tests.api.storefront.StorefrontAuthApiTest","TC_API_AUTH_008_login_nonExistentEmail_returns401","TC_API_AUTH_008_login_nonExistentEmail_returns401","TC_API_AUTH_008 — Login email không tồn tại → expect 401"
"failed","Thu Aug 20 15:11:43 UTC 2026","Thu Aug 20 15:11:43 UTC 2026","0","Medusa API Test Suite","Admin API — Orders","com.medusa.automation.tests.api.admin.AdminOrderApiTest","com.medusa.automation.tests.api.admin.AdminOrderApiTest","TC_API_ADMIN_ORDER_009_listOrders_responseTime_withinSLA","TC_API_ADMIN_ORDER_009_listOrders_responseTime_withinSLA","TC_API_ADMIN_ORDER_009 — Response time của admin order list < 5000ms (SLA)"
"broken","Thu Aug 20 15:14:16 UTC 2026","Thu Aug 20 15:14:16 UTC 2026","0","StoreFront Test Suite","SF Regression Tests","com.medusa.automation.tests.StoreFrontSearchTest","com.medusa.automation.tests.StoreFrontSearchTest","testRealtimeSearchFiltersResults","testRealtimeSearchFiltersResults","Tìm kiếm realtime 'sweatshirt' — kết quả cập nhật ngay, hiển thị sản phẩm khớp"
"broken","Thu Aug 20 15:14:00 UTC 2026","Thu Aug 20 15:14:00 UTC 2026","0","StoreFront Test Suite","SF Regression Tests","com.medusa.automation.tests.StoreFrontStoreTest","com.medusa.automation.tests.StoreFrontStoreTest","testStorePageDisplaysProducts","testStorePageDisplaysProducts","Trang /gb/store hiển thị danh sách sản phẩm với ảnh, tên, giá"
"broken","Thu Aug 20 15:13:59 UTC 2026","Thu Aug 20 15:13:59 UTC 2026","0","StoreFront Test Suite","SF Regression Tests","com.medusa.automation.tests.StoreFrontStoreTest","com.medusa.automation.tests.StoreFrontStoreTest","testSortControlIsDisplayed","testSortControlIsDisplayed","Sort dropdown hiển thị và có thể thay đổi thứ tự sản phẩm theo giá"
"skipped","Thu Aug 20 15:11:42 UTC 2026","Thu Aug 20 15:11:42 UTC 2026","1","Medusa API Test Suite","Storefront API — Cart & Checkout","com.medusa.automation.tests.api.storefront.StorefrontCartApiTest","com.medusa.automation.tests.api.storefront.StorefrontCartApiTest","TC_API_CART_010_getShippingOptions_validCartId_returns200WithArray","TC_API_CART_010_getShippingOptions_validCartId_returns200WithArray","TC_API_CART_010 — Lấy danh sách shipping options cho cart → 200 + array"
"failed","Thu Aug 20 15:11:43 UTC 2026","Thu Aug 20 15:11:43 UTC 2026","1","Medusa API Test Suite","Admin API — Products","com.medusa.automation.tests.api.admin.AdminProductApiTest","com.medusa.automation.tests.api.admin.AdminProductApiTest","TC_API_ADMIN_PROD_004_listProducts_paginationLimit3_returnsMaxItems","TC_API_ADMIN_PROD_004_listProducts_paginationLimit3_returnsMaxItems","TC_API_ADMIN_PROD_004 — List products với limit=3 → 200 + số items ≤ 3"
"broken","Thu Aug 20 15:14:11 UTC 2026","Thu Aug 20 15:14:11 UTC 2026","0","StoreFront Test Suite","SF Regression Tests","com.medusa.automation.tests.StoreFrontAccountTest","com.medusa.automation.tests.StoreFrontAccountTest","testJoinUsLinkSwitchesToRegisterForm","testJoinUsLinkSwitchesToRegisterForm","Click 'Join us' → SPA transition sang Register form (BECOME A MEDUSA STORE MEMBER)"
